kit_id,type,pco2,pch4,pn2o,pco2_c,pch4_c,pn2o_c,transect_location,delta_do_hr,region,fluoride_ppm,chloride_ppm,sulfate_ppm,bromide_ppm,phosphate_ppm,nitrite_ppm,nitrate_ppm,sodium_ppm,ammonium_ppm,potassium_ppm,magnesium_ppm,calcium_ppm,a254,BIX,FI,HIX,SUVA254,sal_psu,ph.x,orp_mv,alk_mgl_caco3,npoc_mgl,tdn_mgl,tss_mg_perl,bulk_density_g_cm3,gwc_perc,loi_perc,ph.y,specific_conductance_us_cm,tn_perc,tc_perc,latitude,longitude,water_macrophytes_algae,water_systemtype,sediment_rotten_egg_smell
K018,dry,6323.060869565217,1.9798434782608696,0.35937391304347827,6323.060869565217,1.9798434782608696,0.35937391304347827,Sediment,0.5715116908342763,Chesapeake Bay,1.129,16085.256,1590.387,0.162,NA,12.79,5.475,6626.525,NA,213.114,727.236,338.533,NA,NA,NA,NA,NA,20.46,7.77,314,73,3.03,0.314,37.08773264282593,NA,18,0,NA,NA,NA,NA,37.2192,-76.4136,None,Estuary,No
K018,wet,4279.5,0.6659999999999999,1.227,2718.264705882353,0,0.16416741176470606,Sediment,0.5715116908342763,Chesapeake Bay,1.129,16085.256,1590.387,0.162,NA,12.79,5.475,6626.525,NA,213.114,727.236,338.533,NA,NA,NA,NA,NA,20.46,7.77,314,73,3.03,0.314,37.08773264282593,NA,18,0,NA,NA,NA,NA,37.2192,-76.4136,None,Estuary,No
K018,dry,9616.459627329192,1.9205279503105588,1.1780434782608695,9616.459627329192,1.9205279503105588,1.1780434782608695,Transition,0.3424971155988647,Chesapeake Bay,1.129,16085.256,1590.387,0.162,NA,12.79,5.475,6626.525,NA,213.114,727.236,338.533,NA,NA,NA,NA,NA,20.46,7.77,314,73,3.03,0.314,37.08773264282593,0.9931889427224634,58,6,4.91,6310,0.23,3.19,37.2192,-76.4136,None,Estuary,No
K018,wet,9443.206349206348,0.5518650793650793,0.9933174603174604,7881.971055088701,0,0,Transition,0.3424971155988647,Chesapeake Bay,1.129,16085.256,1590.387,0.162,NA,12.79,5.475,6626.525,NA,213.114,727.236,338.533,NA,NA,NA,NA,NA,20.46,7.77,314,73,3.03,0.314,37.08773264282593,0.9931889427224634,58,6,4.91,6310,0.23,3.19,37.2192,-76.4136,None,Estuary,No
K018,dry,61930.60606060606,1.575939393939394,15.558,61930.60606060606,1.575939393939394,15.558,Upland,1.2033642126852215,Chesapeake Bay,1.129,16085.256,1590.387,0.162,NA,12.79,5.475,6626.525,NA,213.114,727.236,338.533,NA,NA,NA,NA,NA,20.46,7.77,314,73,3.03,0.314,37.08773264282593,0.4171122994652407,87,28,5.29,2490,1.47,10.82,37.2192,-76.4136,None,Estuary,No
K018,dry,2175.6071428571427,2.349428571428571,0.46228571428571424,2175.6071428571427,2.349428571428571,0.46228571428571424,Wetland,0.28914298015106427,Chesapeake Bay,1.129,16085.256,1590.387,0.162,NA,12.79,5.475,6626.525,NA,213.114,727.236,338.533,NA,NA,NA,NA,NA,20.46,7.77,314,73,3.03,0.314,37.08773264282593,1.489553422561312,37,2,6.16,1370,0.09,1.04,37.2192,-76.4136,None,Estuary,No
K018,wet,6337.5,2.0865,2.67045,4776.264705882353,1.330429411764706,1.6076174117647062,Wetland,0.28914298015106427,Chesapeake Bay,1.129,16085.256,1590.387,0.162,NA,12.79,5.475,6626.525,NA,213.114,727.236,338.533,NA,NA,NA,NA,NA,20.46,7.77,314,73,3.03,0.314,37.08773264282593,1.489553422561312,37,2,6.16,1370,0.09,1.04,37.2192,-76.4136,None,Estuary,No
K025,dry,8868.330928330928,1.3134247234247234,6.276863876863876,8868.330928330928,1.3134247234247234,6.276863876863876,Sediment,0.40136713309302746,Chesapeake Bay,-0.872,587.439,44.71,-1.158,NA,NA,-2.173,222.924,NA,5.178,24.206,20.186,NA,NA,NA,NA,NA,2.65,6.44,334,40,5.64,0.622,27.506056194761744,NA,38,6,NA,NA,NA,NA,38.8873,-76.5621,None,Tidal Stream,No
K025,dry,25682.85714285714,1.951138716356108,11.91055900621118,25682.85714285714,1.951138716356108,11.91055900621118,Transition,3.0232248312177963,Chesapeake Bay,-0.872,587.439,44.71,-1.158,NA,NA,-2.173,222.924,NA,5.178,24.206,20.186,NA,NA,NA,NA,NA,2.65,6.44,334,40,5.64,0.622,27.506056194761744,0.4058608058608059,173,29,5.82,848,0.62,7.71,38.8873,-76.5621,None,Tidal Stream,No
K025,dry,39478.37944664032,0.7077470355731225,0.8330079051383399,39478.37944664032,0.7077470355731225,0.8330079051383399,Upland,0.6911250767478809,Chesapeake Bay,-0.872,587.439,44.71,-1.158,NA,NA,-2.173,222.924,NA,5.178,24.206,20.186,NA,NA,NA,NA,NA,2.65,6.44,334,40,5.64,0.622,27.506056194761744,0.701639344262295,22,19,4.25,105,0.42,6.27,38.8873,-76.5621,None,Tidal Stream,No
K025,dry,30351.287878787876,4.454393939393939,0.9943939393939392,30351.287878787876,4.454393939393939,0.9943939393939392,Wetland,3.8586959046096534,Chesapeake Bay,-0.872,587.439,44.71,-1.158,NA,NA,-2.173,222.924,NA,5.178,24.206,20.186,NA,NA,NA,NA,NA,2.65,6.44,334,40,5.64,0.622,27.506056194761744,0.4655015123101817,150,17,6.42,655,0.32,3.59,38.8873,-76.5621,None,Tidal Stream,No
K025,wet,25984.5,1.176,28.305,24423.264705882353,0.4199294117647058,27.242167411764704,Sediment,0.40136713309302746,Chesapeake Bay,-0.872,587.439,44.71,-1.158,NA,NA,-2.173,222.924,NA,5.178,24.206,20.186,NA,NA,NA,NA,NA,2.65,6.44,334,40,5.64,0.622,27.506056194761744,NA,38,6,NA,NA,NA,NA,38.8873,-76.5621,None,Tidal Stream,No
K025,wet,30100.222222222223,0.36266111111111105,71.46222222222222,28538.986928104576,0,70.39938963398693,Transition,3.0232248312177963,Chesapeake Bay,-0.872,587.439,44.71,-1.158,NA,NA,-2.173,222.924,NA,5.178,24.206,20.186,NA,NA,NA,NA,NA,2.65,6.44,334,40,5.64,0.622,27.506056194761744,0.4058608058608059,173,29,5.82,848,0.62,7.71,38.8873,-76.5621,None,Tidal Stream,No
K025,wet,24574.646825396827,1.486309523809524,1.6393015873015877,23013.41153127918,0.7302389355742299,0.5764689990662935,Upland,0.6911250767478809,Chesapeake Bay,-0.872,587.439,44.71,-1.158,NA,NA,-2.173,222.924,NA,5.178,24.206,20.186,NA,NA,NA,NA,NA,2.65,6.44,334,40,5.64,0.622,27.506056194761744,0.701639344262295,22,19,4.25,105,0.42,6.27,38.8873,-76.5621,None,Tidal Stream,No
K025,wet,19798.904520582015,3.5036825954483275,5.204268001492351,18237.669226464368,2.7476120072130334,4.1414354132570566,Wetland,3.8586959046096534,Chesapeake Bay,-0.872,587.439,44.71,-1.158,NA,NA,-2.173,222.924,NA,5.178,24.206,20.186,NA,NA,NA,NA,NA,2.65,6.44,334,40,5.64,0.622,27.506056194761744,0.4655015123101817,150,17,6.42,655,0.32,3.59,38.8873,-76.5621,None,Tidal Stream,No
K015,dry,8801.25,2.5775,1.2675,8801.25,2.5775,1.2675,Sediment,72.1495991688935,Chesapeake Bay,NA,12583,1264.167,-2.006,NA,15.648,7.641,4988.092,NA,161.376,623.66,123.48,NA,NA,NA,NA,NA,16.05,7.29,334,67,4.36,0.437,63.06381461770141,NA,213,17,NA,NA,NA,NA,37.4147,-76.7161,None,Estuary,No
K015,wet,7553.389751552795,0.5345077639751552,0.6349751552795031,5992.154457435148,0,0,Sediment,72.1495991688935,Chesapeake Bay,NA,12583,1264.167,-2.006,NA,15.648,7.641,4988.092,NA,161.376,623.66,123.48,NA,NA,NA,NA,NA,16.05,7.29,334,67,4.36,0.437,63.06381461770141,NA,213,17,NA,NA,NA,NA,37.4147,-76.7161,None,Estuary,No
K015,dry,9927.257142857145,7.301714285714285,1.574857142857143,9927.257142857145,7.301714285714285,1.574857142857143,Transition,62.10524210484208,Chesapeake Bay,NA,12583,1264.167,-2.006,NA,15.648,7.641,4988.092,NA,161.376,623.66,123.48,NA,NA,NA,NA,NA,16.05,7.29,334,67,4.36,0.437,63.06381461770141,0.939766081871345,71,10,5.36,343,0.17,2.48,37.4147,-76.7161,None,Estuary,No
K015,wet,21894.75,2.50875,9.55125,20333.514705882353,1.752679411764706,8.488417411764706,Transition,62.10524210484208,Chesapeake Bay,NA,12583,1264.167,-2.006,NA,15.648,7.641,4988.092,NA,161.376,623.66,123.48,NA,NA,NA,NA,NA,16.05,7.29,334,67,4.36,0.437,63.06381461770141,0.939766081871345,71,10,5.36,343,0.17,2.48,37.4147,-76.7161,None,Estuary,No
K015,dry,208251.07142857145,13.675,23.320714285714285,208251.07142857145,13.675,23.320714285714285,Upland,0.3044477441168235,Chesapeake Bay,NA,12583,1264.167,-2.006,NA,15.648,7.641,4988.092,NA,161.376,623.66,123.48,NA,NA,NA,NA,NA,16.05,7.29,334,67,4.36,0.437,63.06381461770141,0.9056465805097804,34,10,5.92,77,0.38,6.53,37.4147,-76.7161,None,Estuary,No
K015,wet,35586.068181818184,0.31977272727272726,24.46159090909091,34024.83288770053,0,23.398758320855613,Upland,0.3044477441168235,Chesapeake Bay,NA,12583,1264.167,-2.006,NA,15.648,7.641,4988.092,NA,161.376,623.66,123.48,NA,NA,NA,NA,NA,16.05,7.29,334,67,4.36,0.437,63.06381461770141,0.9056465805097804,34,10,5.92,77,0.38,6.53,37.4147,-76.7161,None,Estuary,No
K015,dry,4407.757575757576,0.6155454545454545,2.751060606060606,4407.757575757576,0.6155454545454545,2.751060606060606,Wetland,3.303568587178433,Chesapeake Bay,NA,12583,1264.167,-2.006,NA,15.648,7.641,4988.092,NA,161.376,623.66,123.48,NA,NA,NA,NA,NA,16.05,7.29,334,67,4.36,0.437,63.06381461770141,0.22177246038479376,223,20,NA,NA,0.53,6.37,37.4147,-76.7161,None,Estuary,No
K015,wet,13914.214285714286,0.6040793650793651,1.5105722222222222,12352.97899159664,0,0.4477396339869282,Wetland,3.303568587178433,Chesapeake Bay,NA,12583,1264.167,-2.006,NA,15.648,7.641,4988.092,NA,161.376,623.66,123.48,NA,NA,NA,NA,NA,16.05,7.29,334,67,4.36,0.437,63.06381461770141,0.22177246038479376,223,20,NA,NA,0.53,6.37,37.4147,-76.7161,None,Estuary,No
K017,dry,14993.076923076922,0.8307692307692307,6.8076923076923075,14993.076923076922,0.8307692307692307,6.8076923076923075,Sediment,132.80444948143352,Chesapeake Bay,-0.587,1979.251,196.593,-1.421,NA,0.727,-1.075,804.416,NA,26.325,87.423,55.257,NA,NA,NA,NA,NA,2.7,7.07,328,33,4.94,0.316,89.23551983156375,NA,201,12,NA,NA,NA,NA,37.5678,-76.8867,None,"Estuary, Tidal River",No
K017,wet,17722.5,2.7314999999999996,8.682,16161.264705882351,1.9754294117647055,7.619167411764707,Sediment,132.80444948143352,Chesapeake Bay,-0.587,1979.251,196.593,-1.421,NA,0.727,-1.075,804.416,NA,26.325,87.423,55.257,NA,NA,NA,NA,NA,2.7,7.07,328,33,4.94,0.316,89.23551983156375,NA,201,12,NA,NA,NA,NA,37.5678,-76.8867,None,"Estuary, Tidal River",No
K017,dry,39567.27272727273,3.1909090909090905,7.565454545454544,39567.27272727273,3.1909090909090905,7.565454545454544,Transition,0.25071910670536846,Chesapeake Bay,-0.587,1979.251,196.593,-1.421,NA,0.727,-1.075,804.416,NA,26.325,87.423,55.257,NA,NA,NA,NA,NA,2.7,7.07,328,33,4.94,0.316,89.23551983156375,0.7048648648648649,85,14,5.29,431,0.33,3.98,37.5678,-76.8867,None,"Estuary, Tidal River",No
K017,wet,27079.5,0.3345,10.4145,25518.264705882353,0,9.351667411764709,Transition,0.25071910670536846,Chesapeake Bay,-0.587,1979.251,196.593,-1.421,NA,0.727,-1.075,804.416,NA,26.325,87.423,55.257,NA,NA,NA,NA,NA,2.7,7.07,328,33,4.94,0.316,89.23551983156375,0.7048648648648649,85,14,5.29,431,0.33,3.98,37.5678,-76.8867,None,"Estuary, Tidal River",No
K017,dry,51627.27272727272,0.38181818181818183,9.79090909090909,51627.27272727272,0.38181818181818183,9.79090909090909,Upland,0.45135715164206097,Chesapeake Bay,-0.587,1979.251,196.593,-1.421,NA,0.727,-1.075,804.416,NA,26.325,87.423,55.257,NA,NA,NA,NA,NA,2.7,7.07,328,33,4.94,0.316,89.23551983156375,0.7537037037037037,8,9,5.29,33.8,0.34,5.85,37.5678,-76.8867,None,"Estuary, Tidal River",No
K017,wet,35577.2514928452,0.35422752155125614,9.178085911884134,34016.01619872755,0,8.11525332364884,Upland,0.45135715164206097,Chesapeake Bay,-0.587,1979.251,196.593,-1.421,NA,0.727,-1.075,804.416,NA,26.325,87.423,55.257,NA,NA,NA,NA,NA,2.7,7.07,328,33,4.94,0.316,89.23551983156375,0.7537037037037037,8,9,5.29,33.8,0.34,5.85,37.5678,-76.8867,None,"Estuary, Tidal River",No
K017,dry,11980,9.1,1.775,11980,9.1,1.775,Wetland,44.95392893707192,Chesapeake Bay,-0.587,1979.251,196.593,-1.421,NA,0.727,-1.075,804.416,NA,26.325,87.423,55.257,NA,NA,NA,NA,NA,2.7,7.07,328,33,4.94,0.316,89.23551983156375,0.18249158249158248,494,25,NA,NA,0.64,6.67,37.5678,-76.8867,None,"Estuary, Tidal River",No
K017,wet,19317,7.053,0.8341500000000001,17755.764705882353,6.2969294117647054,0,Wetland,44.95392893707192,Chesapeake Bay,-0.587,1979.251,196.593,-1.421,NA,0.727,-1.075,804.416,NA,26.325,87.423,55.257,NA,NA,NA,NA,NA,2.7,7.07,328,33,4.94,0.316,89.23551983156375,0.18249158249158248,494,25,NA,NA,0.64,6.67,37.5678,-76.8867,None,"Estuary, Tidal River",No
K022,dry,23707.12215320911,5.881076604554866,1.330600414078675,23707.12215320911,5.881076604554866,1.330600414078675,Sediment,NA,Great Lakes,NA,26.854,27.671,NA,0.831,0.072,0.196,12.379,NA,4.25,19.51,47.776,0.035693569,0.63927441,1.540222121,0.897077236,3.569356915,0.22,7.28,322,126,27.34,1.657,17.439220542840324,NA,451,24,NA,NA,NA,NA,41.4629,-82.9971,"Macrophytes, Algae",Lacestuary,Yes
K022,wet,10165.5,2.33565,0.9735,8604.264705882353,1.5795794117647055,0,Sediment,NA,Great Lakes,NA,26.854,27.671,NA,0.831,0.072,0.196,12.379,NA,4.25,19.51,47.776,0.035693569,0.63927441,1.540222121,0.897077236,3.569356915,0.22,7.28,322,126,27.34,1.657,17.439220542840324,NA,451,24,NA,NA,NA,NA,41.4629,-82.9971,"Macrophytes, Algae",Lacestuary,Yes
K022,dry,20343.65714285714,0.9180896969696968,7.020441558441559,20343.65714285714,0.9180896969696968,7.020441558441559,Transition,0.11002514263148123,Great Lakes,NA,26.854,27.671,NA,0.831,0.072,0.196,12.379,NA,4.25,19.51,47.776,0.035693569,0.63927441,1.540222121,0.897077236,3.569356915,0.22,7.28,322,126,27.34,1.657,17.439220542840324,0.2262693156732892,353,37,NA,NA,2,NA,41.4629,-82.9971,"Macrophytes, Algae",Lacestuary,Yes
K022,wet,22661.795454545452,0.37440681818181815,21.171136363636364,21100.560160427805,0,20.10830377540107,Transition,0.11002514263148123,Great Lakes,NA,26.854,27.671,NA,0.831,0.072,0.196,12.379,NA,4.25,19.51,47.776,0.035693569,0.63927441,1.540222121,0.897077236,3.569356915,0.22,7.28,322,126,27.34,1.657,17.439220542840324,0.2262693156732892,353,37,NA,NA,2,NA,41.4629,-82.9971,"Macrophytes, Algae",Lacestuary,Yes
K022,dry,66830.4347826087,1.66,9.327652173913044,66830.4347826087,1.66,9.327652173913044,Upland,0.18481857281053085,Great Lakes,NA,26.854,27.671,NA,0.831,0.072,0.196,12.379,NA,4.25,19.51,47.776,0.035693569,0.63927441,1.540222121,0.897077236,3.569356915,0.22,7.28,322,126,27.34,1.657,17.439220542840324,0.7240506329113923,58,15,5.63,95.7,0.72,10.67,41.4629,-82.9971,"Macrophytes, Algae",Lacestuary,Yes
K022,wet,21572.43650793651,0.4578412698412699,0.501486507936508,20011.201213818866,0,0,Upland,0.18481857281053085,Great Lakes,NA,26.854,27.671,NA,0.831,0.072,0.196,12.379,NA,4.25,19.51,47.776,0.035693569,0.63927441,1.540222121,0.897077236,3.569356915,0.22,7.28,322,126,27.34,1.657,17.439220542840324,0.7240506329113923,58,15,5.63,95.7,0.72,10.67,41.4629,-82.9971,"Macrophytes, Algae",Lacestuary,Yes
K022,dry,15207.572463768116,5.770507246376812,1.5378623188405798,15207.572463768116,5.770507246376812,1.5378623188405798,Wetland,2.1149559384179497,Great Lakes,NA,26.854,27.671,NA,0.831,0.072,0.196,12.379,NA,4.25,19.51,47.776,0.035693569,0.63927441,1.540222121,0.897077236,3.569356915,0.22,7.28,322,126,27.34,1.657,17.439220542840324,0.3825622775800712,181,16,NA,NA,1.27,10.39,41.4629,-82.9971,"Macrophytes, Algae",Lacestuary,Yes
K022,wet,22936.5,10.2735,1.125,21375.264705882353,9.517429411764706,0.06216741176470597,Wetland,2.1149559384179497,Great Lakes,NA,26.854,27.671,NA,0.831,0.072,0.196,12.379,NA,4.25,19.51,47.776,0.035693569,0.63927441,1.540222121,0.897077236,3.569356915,0.22,7.28,322,126,27.34,1.657,17.439220542840324,0.3825622775800712,181,16,NA,NA,1.27,10.39,41.4629,-82.9971,"Macrophytes, Algae",Lacestuary,Yes
K037,dry,6661.304347826087,5.966521739130434,0.4,6661.304347826087,5.966521739130434,0.4,Sediment,70.72506576821895,Chesapeake Bay,NA,327.625,24.73,-0.392,NA,0.6,0.096,102.983,NA,5.498,12.107,11.462,0.029727831,0.690721955,1.557987933,0.891329514,2.972783104,0.41,6.67,348,28,5.63,0.298,9.032380540394469,NA,211,14,NA,NA,NA,NA,37.5569,-76.9731,None,NA,No
K037,wet,13624.76984126984,0.8212142857142857,6.314285714285714,12063.534547152194,0.06514369747899151,5.25145312605042,Sediment,70.72506576821895,Chesapeake Bay,NA,327.625,24.73,-0.392,NA,0.6,0.096,102.983,NA,5.498,12.107,11.462,0.029727831,0.690721955,1.557987933,0.891329514,2.972783104,0.41,6.67,348,28,5.63,0.298,9.032380540394469,NA,211,14,NA,NA,NA,NA,37.5569,-76.9731,None,NA,No
K037,dry,42320.47619047619,1.9685714285714289,13.550238095238097,42320.47619047619,1.9685714285714289,13.550238095238097,Wetland,19.92507300671734,Chesapeake Bay,NA,327.625,24.73,-0.392,NA,0.6,0.096,102.983,NA,5.498,12.107,11.462,0.029727831,0.690721955,1.557987933,0.891329514,2.972783104,0.41,6.67,348,28,5.63,0.298,9.032380540394469,0.2857534246575343,265,19,6.52,325,0.55,5.32,37.5569,-76.9731,None,NA,No
K037,wet,17736.533376123236,1.1800012836970477,2.3973254172015404,16175.29808200559,0.4239306954617533,1.3344928289662463,Wetland,19.92507300671734,Chesapeake Bay,NA,327.625,24.73,-0.392,NA,0.6,0.096,102.983,NA,5.498,12.107,11.462,0.029727831,0.690721955,1.557987933,0.891329514,2.972783104,0.41,6.67,348,28,5.63,0.298,9.032380540394469,0.2857534246575343,265,19,6.52,325,0.55,5.32,37.5569,-76.9731,None,NA,No
K021,dry,28859.999999999996,3.372272727272726,0.19568181818181815,28859.999999999996,3.372272727272726,0.19568181818181815,Sediment,176.5908227278485,Great Lakes,0.387,39.708,3.174,-0.009,NA,0.075,0.055,16.268,NA,3.917,20.171,40.547,0.034389415,0.755453744,1.633106341,0.834616686,3.438941473,0.27,7.52,298,167,30.06,1.876,56.13911926428747,NA,206,15,NA,NA,NA,NA,41.6056,-83.1526,"Macrophytes, Algae",Lacestuary,No
K021,wet,14996.583333333332,115.58916666666666,17.55,13435.348039215683,114.83309607843135,16.487167411764705,Sediment,176.5908227278485,Great Lakes,0.387,39.708,3.174,-0.009,NA,0.075,0.055,16.268,NA,3.917,20.171,40.547,0.034389415,0.755453744,1.633106341,0.834616686,3.438941473,0.27,7.52,298,167,30.06,1.876,56.13911926428747,NA,206,15,NA,NA,NA,NA,41.6056,-83.1526,"Macrophytes, Algae",Lacestuary,No
K021,dry,28067.15909090909,1.336477272727273,3.2689772727272723,28067.15909090909,1.336477272727273,3.2689772727272723,Transition,1.4828696741895522,Great Lakes,0.387,39.708,3.174,-0.009,NA,0.075,0.055,16.268,NA,3.917,20.171,40.547,0.034389415,0.755453744,1.633106341,0.834616686,3.438941473,0.27,7.52,298,167,30.06,1.876,56.13911926428747,0.28189189189189184,270,33,5.52,743,1.05,11.58,41.6056,-83.1526,"Macrophytes, Algae",Lacestuary,No
K021,wet,13517.5,0.171375,141.8108333333333,11956.264705882351,0,140.74800074509804,Transition,1.4828696741895522,Great Lakes,0.387,39.708,3.174,-0.009,NA,0.075,0.055,16.268,NA,3.917,20.171,40.547,0.034389415,0.755453744,1.633106341,0.834616686,3.438941473,0.27,7.52,298,167,30.06,1.876,56.13911926428747,0.28189189189189184,270,33,5.52,743,1.05,11.58,41.6056,-83.1526,"Macrophytes, Algae",Lacestuary,No
K021,dry,7969.617391304348,0.7205060869565216,1.1031652173913042,7969.617391304348,0.7205060869565216,1.1031652173913042,Upland,0.6135046131859841,Great Lakes,0.387,39.708,3.174,-0.009,NA,0.075,0.055,16.268,NA,3.917,20.171,40.547,0.034389415,0.755453744,1.633106341,0.834616686,3.438941473,0.27,7.52,298,167,30.06,1.876,56.13911926428747,0.689763779527559,27,12,5.72,272,0.56,7.43,41.6056,-83.1526,"Macrophytes, Algae",Lacestuary,No
K021,wet,5854.5,0.8435249999999999,14.17275,4293.264705882353,0.0874544117647057,13.109917411764709,Upland,0.6135046131859841,Great Lakes,0.387,39.708,3.174,-0.009,NA,0.075,0.055,16.268,NA,3.917,20.171,40.547,0.034389415,0.755453744,1.633106341,0.834616686,3.438941473,0.27,7.52,298,167,30.06,1.876,56.13911926428747,0.689763779527559,27,12,5.72,272,0.56,7.43,41.6056,-83.1526,"Macrophytes, Algae",Lacestuary,No
K021,dry,14141.205533596836,1.228399209486166,0.6836086956521739,14141.205533596836,1.228399209486166,0.6836086956521739,Wetland,1.2373731647608692,Great Lakes,0.387,39.708,3.174,-0.009,NA,0.075,0.055,16.268,NA,3.917,20.171,40.547,0.034389415,0.755453744,1.633106341,0.834616686,3.438941473,0.27,7.52,298,167,30.06,1.876,56.13911926428747,0.22560556463835815,305,26,6.66,244,0.81,7.45,41.6056,-83.1526,"Macrophytes, Algae",Lacestuary,No
K021,wet,9590.47619047619,0.8333333333333334,22.580952380952382,8029.240896358544,0.07726274509803921,21.518119792717087,Wetland,1.2373731647608692,Great Lakes,0.387,39.708,3.174,-0.009,NA,0.075,0.055,16.268,NA,3.917,20.171,40.547,0.034389415,0.755453744,1.633106341,0.834616686,3.438941473,0.27,7.52,298,167,30.06,1.876,56.13911926428747,0.22560556463835815,305,26,6.66,244,0.81,7.45,41.6056,-83.1526,"Macrophytes, Algae",Lacestuary,No
K050,dry,4571.116402116402,1.6637301587301587,0.7114656084656085,4571.116402116402,1.6637301587301587,0.7114656084656085,Sediment,0.2304239967990055,Chesapeake Bay,NA,20.029,6.372,1.001,NA,0.075,1.608,11.346,NA,2.034,2.111,7.172,0.046279224,0.603739513,1.589710014,0.899111989,4.627922436,0.06,6.08,357,18,5,0.607,23.819518060875296,NA,29,0,NA,NA,NA,NA,37.3344,-77.2072,"Macrophytes, Algae",Tidal Stream,No
K050,wet,13009.5,1.6350000000000002,22.5075,11448.264705882351,0.8789294117647061,21.444667411764705,Sediment,0.2304239967990055,Chesapeake Bay,NA,20.029,6.372,1.001,NA,0.075,1.608,11.346,NA,2.034,2.111,7.172,0.046279224,0.603739513,1.589710014,0.899111989,4.627922436,0.06,6.08,357,18,5,0.607,23.819518060875296,NA,29,0,NA,NA,NA,NA,37.3344,-77.2072,"Macrophytes, Algae",Tidal Stream,No
K050,dry,18885.13333333333,0.9250666666666668,1.6880666666666666,18885.13333333333,0.9250666666666668,1.6880666666666666,Transition,0.1193785378849861,Chesapeake Bay,NA,20.029,6.372,1.001,NA,0.075,1.608,11.346,NA,2.034,2.111,7.172,0.046279224,0.603739513,1.589710014,0.899111989,4.627922436,0.06,6.08,357,18,5,0.607,23.819518060875296,0.9210843373493977,66,7,6.06,38.1,0.15,2.36,37.3344,-77.2072,"Macrophytes, Algae",Tidal Stream,No
K050,wet,27659.25,3.0116249999999996,41.22,26098.014705882353,2.2555544117647055,40.1571674117647,Transition,0.1193785378849861,Chesapeake Bay,NA,20.029,6.372,1.001,NA,0.075,1.608,11.346,NA,2.034,2.111,7.172,0.046279224,0.603739513,1.589710014,0.899111989,4.627922436,0.06,6.08,357,18,5,0.607,23.819518060875296,0.9210843373493977,66,7,6.06,38.1,0.15,2.36,37.3344,-77.2072,"Macrophytes, Algae",Tidal Stream,No
K050,dry,87399.30830039526,2.375217391304348,0.3521739130434783,87399.30830039526,2.375217391304348,0.3521739130434783,Upland,1.3134385637545387,Chesapeake Bay,NA,20.029,6.372,1.001,NA,0.075,1.608,11.346,NA,2.034,2.111,7.172,0.046279224,0.603739513,1.589710014,0.899111989,4.627922436,0.06,6.08,357,18,5,0.607,23.819518060875296,NA,NA,NA,3.93,167,1.38,35.14,37.3344,-77.2072,"Macrophytes, Algae",Tidal Stream,No
K050,wet,11485.31746031746,0.11494841269841267,0.14332142857142857,9924.082166199812,0,0,Upland,1.3134385637545387,Chesapeake Bay,NA,20.029,6.372,1.001,NA,0.075,1.608,11.346,NA,2.034,2.111,7.172,0.046279224,0.603739513,1.589710014,0.899111989,4.627922436,0.06,6.08,357,18,5,0.607,23.819518060875296,NA,NA,NA,3.93,167,1.38,35.14,37.3344,-77.2072,"Macrophytes, Algae",Tidal Stream,No
K050,dry,23903.01282051282,2.189205128205128,0.235375,23903.01282051282,2.189205128205128,0.235375,Wetland,185.7624768330244,Chesapeake Bay,NA,20.029,6.372,1.001,NA,0.075,1.608,11.346,NA,2.034,2.111,7.172,0.046279224,0.603739513,1.589710014,0.899111989,4.627922436,0.06,6.08,357,18,5,0.607,23.819518060875296,0.2144,400,31,NA,NA,0.65,6.82,37.3344,-77.2072,"Macrophytes, Algae",Tidal Stream,No
K050,wet,33944.79272794389,21.438060723514212,23.071011019911843,32383.55743382624,20.68199013527892,22.008178431676548,Wetland,185.7624768330244,Chesapeake Bay,NA,20.029,6.372,1.001,NA,0.075,1.608,11.346,NA,2.034,2.111,7.172,0.046279224,0.603739513,1.589710014,0.899111989,4.627922436,0.06,6.08,357,18,5,0.607,23.819518060875296,0.2144,400,31,NA,NA,0.65,6.82,37.3344,-77.2072,"Macrophytes, Algae",Tidal Stream,No
K019,dry,6460,1.540105769230769,0.45980769230769225,6460,1.540105769230769,0.45980769230769225,Sediment,0.07890802262914881,Great Lakes,NA,18.794,27.005,-0.002,NA,0.074,0.044,11.671,NA,1.903,20.539,28.563,NA,NA,NA,NA,NA,0.18,7.9,322,105,7.48,0.366,5.02759916093292,NA,21,1,NA,NA,NA,NA,46.6533,-92.2266,None,Lacestuary,No
K019,wet,6457.5,6.9555,3.807,4896.264705882353,6.199429411764705,2.744167411764706,Sediment,0.07890802262914881,Great Lakes,NA,18.794,27.005,-0.002,NA,0.074,0.044,11.671,NA,1.903,20.539,28.563,NA,NA,NA,NA,NA,0.18,7.9,322,105,7.48,0.366,5.02759916093292,NA,21,1,NA,NA,NA,NA,46.6533,-92.2266,None,Lacestuary,No
K019,dry,31508.181818181816,2.936590909090909,21.802363636363637,31508.181818181816,2.936590909090909,21.802363636363637,Transition,0.9667491717851684,Great Lakes,NA,18.794,27.005,-0.002,NA,0.074,0.044,11.671,NA,1.903,20.539,28.563,NA,NA,NA,NA,NA,0.18,7.9,322,105,7.48,0.366,5.02759916093292,1.2977611940298508,34,4,6.15,75.9,0.06,1.72,46.6533,-92.2266,None,Lacestuary,No
K019,wet,6681,1.2465,5.508,5119.764705882353,0.4904294117647058,4.4451674117647055,Transition,0.9667491717851684,Great Lakes,NA,18.794,27.005,-0.002,NA,0.074,0.044,11.671,NA,1.903,20.539,28.563,NA,NA,NA,NA,NA,0.18,7.9,322,105,7.48,0.366,5.02759916093292,1.2977611940298508,34,4,6.15,75.9,0.06,1.72,46.6533,-92.2266,None,Lacestuary,No
K019,dry,47673.142857142855,1.9767785714285715,33.97571428571428,47673.142857142855,1.9767785714285715,33.97571428571428,Upland,0.35290277555148797,Great Lakes,NA,18.794,27.005,-0.002,NA,0.074,0.044,11.671,NA,1.903,20.539,28.563,NA,NA,NA,NA,NA,0.18,7.9,322,105,7.48,0.366,5.02759916093292,NA,NA,NA,5.7,128,0.64,7.63,46.6533,-92.2266,None,Lacestuary,No
K019,dry,5706.214285714286,2.118785714285714,0.6988571428571428,5706.214285714286,2.118785714285714,0.6988571428571428,Wetland,0.09419446955035238,Great Lakes,NA,18.794,27.005,-0.002,NA,0.074,0.044,11.671,NA,1.903,20.539,28.563,NA,NA,NA,NA,NA,0.18,7.9,322,105,7.48,0.366,5.02759916093292,1.5644767139048492,12,1,6.94,79.9,NA,0.63,46.6533,-92.2266,None,Lacestuary,No
K019,wet,1437,0.38910000000000006,2.5731,0,0,1.510267411764706,Wetland,0.09419446955035238,Great Lakes,NA,18.794,27.005,-0.002,NA,0.074,0.044,11.671,NA,1.903,20.539,28.563,NA,NA,NA,NA,NA,0.18,7.9,322,105,7.48,0.366,5.02759916093292,1.5644767139048492,12,1,6.94,79.9,NA,0.63,46.6533,-92.2266,None,Lacestuary,No
K026,dry,18513.878787878788,3.806712121212121,1.4956515151515153,18513.878787878788,3.806712121212121,1.4956515151515153,Sediment,23.48894970487532,Chesapeake Bay,NA,22638.009,2434.49,-1.5,NA,23.563,10.106,9223.185,NA,278.578,1055.353,201.559,NA,NA,NA,NA,NA,31.86,7.38,347,131,6.19,1.319,381.8829558809489,NA,149,9,NA,NA,NA,NA,37.7106,-75.6117,None,Tidal Stream,No
K026,wet,5206.05,0.55305,0.48645,3644.814705882354,0,0,Sediment,23.48894970487532,Chesapeake Bay,NA,22638.009,2434.49,-1.5,NA,23.563,10.106,9223.185,NA,278.578,1055.353,201.559,NA,NA,NA,NA,NA,31.86,7.38,347,131,6.19,1.319,381.8829558809489,NA,149,9,NA,NA,NA,NA,37.7106,-75.6117,None,Tidal Stream,No
K026,dry,36263.78136645963,2.3932223602484473,1.342393374741201,36263.78136645963,2.3932223602484473,1.342393374741201,Transition,0.5130700731906171,Chesapeake Bay,NA,22638.009,2434.49,-1.5,NA,23.563,10.106,9223.185,NA,278.578,1055.353,201.559,NA,NA,NA,NA,NA,31.86,7.38,347,131,6.19,1.319,381.8829558809489,0.3845016033944153,54,34,5.21,379,1.08,11.47,37.7106,-75.6117,None,Tidal Stream,No
K026,wet,7092.94708994709,0.9981111111111112,1.253079365079365,5531.711795829443,0.242040522875817,0.19024677684407101,Transition,0.5130700731906171,Chesapeake Bay,NA,22638.009,2434.49,-1.5,NA,23.563,10.106,9223.185,NA,278.578,1055.353,201.559,NA,NA,NA,NA,NA,31.86,7.38,347,131,6.19,1.319,381.8829558809489,0.3845016033944153,54,34,5.21,379,1.08,11.47,37.7106,-75.6117,None,Tidal Stream,No
K026,dry,3898.3444976076553,3.9848287081339713,3.322834449760765,3898.3444976076553,3.9848287081339713,3.322834449760765,Upland,0.17862078782907714,Chesapeake Bay,NA,22638.009,2434.49,-1.5,NA,23.563,10.106,9223.185,NA,278.578,1055.353,201.559,NA,NA,NA,NA,NA,31.86,7.38,347,131,6.19,1.319,381.8829558809489,1.5527272727272727,10,2,NA,NA,0.17,2.23,37.7106,-75.6117,None,Tidal Stream,No
K026,wet,7871.386363636363,0.5393113636363636,93.23181818181818,6310.151069518716,0,92.16898559358287,Upland,0.17862078782907714,Chesapeake Bay,NA,22638.009,2434.49,-1.5,NA,23.563,10.106,9223.185,NA,278.578,1055.353,201.559,NA,NA,NA,NA,NA,31.86,7.38,347,131,6.19,1.319,381.8829558809489,1.5527272727272727,10,2,NA,NA,0.17,2.23,37.7106,-75.6117,None,Tidal Stream,No
K026,dry,7898.860606060606,4.3259727272727275,0.5983969696969696,7898.860606060606,4.3259727272727275,0.5983969696969696,Wetland,41.60689448277742,Chesapeake Bay,NA,22638.009,2434.49,-1.5,NA,23.563,10.106,9223.185,NA,278.578,1055.353,201.559,NA,NA,NA,NA,NA,31.86,7.38,347,131,6.19,1.319,381.8829558809489,0.3480121686038302,160,15,5.99,9830,0.36,4.19,37.7106,-75.6117,None,Tidal Stream,No
K026,dry,7898.860606060606,4.3259727272727275,0.5983969696969696,7898.860606060606,4.3259727272727275,0.5983969696969696,Wetland,41.60689448277742,Chesapeake Bay,NA,22638.009,2434.49,-1.5,NA,23.563,10.106,9223.185,NA,278.578,1055.353,201.559,NA,NA,NA,NA,NA,31.86,7.38,347,131,6.19,1.319,381.8829558809489,0.5838742003914112,160,15,5.99,9830,0.36,4.19,37.7106,-75.6117,None,Tidal Stream,No
K026,wet,9998.323891675533,1.2058834169326644,0.5576035466382935,8437.088597557886,0.4498128286973702,0,Wetland,41.60689448277742,Chesapeake Bay,NA,22638.009,2434.49,-1.5,NA,23.563,10.106,9223.185,NA,278.578,1055.353,201.559,NA,NA,NA,NA,NA,31.86,7.38,347,131,6.19,1.319,381.8829558809489,0.3480121686038302,160,15,5.99,9830,0.36,4.19,37.7106,-75.6117,None,Tidal Stream,No
K026,wet,9998.323891675533,1.2058834169326644,0.5576035466382935,8437.088597557886,0.4498128286973702,0,Wetland,41.60689448277742,Chesapeake Bay,NA,22638.009,2434.49,-1.5,NA,23.563,10.106,9223.185,NA,278.578,1055.353,201.559,NA,NA,NA,NA,NA,31.86,7.38,347,131,6.19,1.319,381.8829558809489,0.5838742003914112,160,15,5.99,9830,0.36,4.19,37.7106,-75.6117,None,Tidal Stream,No
K034,dry,4885.244755244755,3.9208391608391606,0.25995804195804195,4885.244755244755,3.9208391608391606,0.25995804195804195,Sediment,177.19081872787513,Chesapeake Bay,NA,1141.358,107.773,-0.186,NA,NA,1.16,444.122,NA,16.44,53.359,43.761,0.033774376,0.694196716,1.546043066,0.902520663,3.377437639,1.75,6.92,180,57,5.89,0.771,18.77817438788737,NA,209,18,NA,NA,NA,NA,38.7746,-75.9752,None,Estuary,No
K034,wet,27997.5,4.4445,1.29,26436.264705882353,3.6884294117647056,0.227167411764706,Sediment,177.19081872787513,Chesapeake Bay,NA,1141.358,107.773,-0.186,NA,NA,1.16,444.122,NA,16.44,53.359,43.761,0.033774376,0.694196716,1.546043066,0.902520663,3.377437639,1.75,6.92,180,57,5.89,0.771,18.77817438788737,NA,209,18,NA,NA,NA,NA,38.7746,-75.9752,None,Estuary,No
K034,dry,34544.49523809524,0.6767619047619048,1.780342857142857,34544.49523809524,0.6767619047619048,1.780342857142857,Transition,0.31987086710169715,Chesapeake Bay,NA,1141.358,107.773,-0.186,NA,NA,1.16,444.122,NA,16.44,53.359,43.761,0.033774376,0.694196716,1.546043066,0.902520663,3.377437639,1.75,6.92,180,57,5.89,0.771,18.77817438788737,0.2170542635658915,416,32,NA,NA,0.88,9.45,38.7746,-75.9752,None,Estuary,No
K034,wet,17131.5,0.6151500000000001,3.432,15570.264705882351,0,2.369167411764706,Transition,0.31987086710169715,Chesapeake Bay,NA,1141.358,107.773,-0.186,NA,NA,1.16,444.122,NA,16.44,53.359,43.761,0.033774376,0.694196716,1.546043066,0.902520663,3.377437639,1.75,6.92,180,57,5.89,0.771,18.77817438788737,0.2170542635658915,416,32,NA,NA,0.88,9.45,38.7746,-75.9752,None,Estuary,No
K034,dry,10980.669565217391,0.9051492753623188,7.603511594202899,10980.669565217391,0.9051492753623188,7.603511594202899,Upland,0.22542663006319527,Chesapeake Bay,NA,1141.358,107.773,-0.186,NA,NA,1.16,444.122,NA,16.44,53.359,43.761,0.033774376,0.694196716,1.546043066,0.902520663,3.377437639,1.75,6.92,180,57,5.89,0.771,18.77817438788737,0.9067567567567566,48,10,6.58,390,0.66,9.8,38.7746,-75.9752,None,Estuary,No
K034,wet,30326.41089416739,0.08608708183061807,530.2800988682999,28765.175600049744,0,529.2172662800646,Upland,0.22542663006319527,Chesapeake Bay,NA,1141.358,107.773,-0.186,NA,NA,1.16,444.122,NA,16.44,53.359,43.761,0.033774376,0.694196716,1.546043066,0.902520663,3.377437639,1.75,6.92,180,57,5.89,0.771,18.77817438788737,0.9067567567567566,48,10,6.58,390,0.66,9.8,38.7746,-75.9752,None,Estuary,No
K034,dry,41810.30903010033,1.0346234113712374,1.2545819397993312,41810.30903010033,1.0346234113712374,1.2545819397993312,Wetland,113.18905675786036,Chesapeake Bay,NA,1141.358,107.773,-0.186,NA,NA,1.16,444.122,NA,16.44,53.359,43.761,0.033774376,0.694196716,1.546043066,0.902520663,3.377437639,1.75,6.92,180,57,5.89,0.771,18.77817438788737,0.3292479108635098,259,22,6.34,1180,0.73,6.93,38.7746,-75.9752,None,Estuary,No
K034,wet,25338.527806643982,1.3555467805693096,4.25951726878171,23777.292512526335,0.5994761923340154,3.1966846805464164,Wetland,113.18905675786036,Chesapeake Bay,NA,1141.358,107.773,-0.186,NA,NA,1.16,444.122,NA,16.44,53.359,43.761,0.033774376,0.694196716,1.546043066,0.902520663,3.377437639,1.75,6.92,180,57,5.89,0.771,18.77817438788737,0.3292479108635098,259,22,6.34,1180,0.73,6.93,38.7746,-75.9752,None,Estuary,No
K030,dry,7759.5,3.2670000000000003,0.94775,7759.5,3.2670000000000003,0.94775,Sediment,48.353260059122285,Chesapeake Bay,-0.657,3525.352,329.672,NA,NA,5.55,1.644,1445.909,NA,42.964,144.689,79.132,0.038407975,0.684352264,1.611789981,0.902874329,3.840797545,13.31,6.7,354,76,6.74,0.797,51.437564078415946,NA,297,17,NA,NA,NA,NA,39.0884,-75.4374,None,Tidal Stream,Yes
K030,wet,10400.045454545454,0.5687556818181818,0.9137727272727272,8838.810160427807,0,0,Sediment,48.353260059122285,Chesapeake Bay,-0.657,3525.352,329.672,NA,NA,5.55,1.644,1445.909,NA,42.964,144.689,79.132,0.038407975,0.684352264,1.611789981,0.902874329,3.840797545,13.31,6.7,354,76,6.74,0.797,51.437564078415946,NA,297,17,NA,NA,NA,NA,39.0884,-75.4374,None,Tidal Stream,Yes
K030,dry,73025.71428571429,1.4571428571428573,0.12171428571428572,73025.71428571429,1.4571428571428573,0.12171428571428572,Upland,2.1156678548561274,Chesapeake Bay,-0.657,3525.352,329.672,NA,NA,5.55,1.644,1445.909,NA,42.964,144.689,79.132,0.038407975,0.684352264,1.611789981,0.902874329,3.840797545,13.31,6.7,354,76,6.74,0.797,51.437564078415946,0.17667998401482693,81,78,NA,NA,1.56,27.84,39.0884,-75.4374,None,Tidal Stream,Yes
K030,wet,57700,1.011111111111111,20.800000000000004,56138.76470588235,0.2550405228758169,19.73716741176471,Upland,2.1156678548561274,Chesapeake Bay,-0.657,3525.352,329.672,NA,NA,5.55,1.644,1445.909,NA,42.964,144.689,79.132,0.038407975,0.684352264,1.611789981,0.902874329,3.840797545,13.31,6.7,354,76,6.74,0.797,51.437564078415946,0.17667998401482693,81,78,NA,NA,1.56,27.84,39.0884,-75.4374,None,Tidal Stream,Yes
K030,dry,6801.704545454545,1.394090909090909,1.689659090909091,6801.704545454545,1.394090909090909,1.689659090909091,Wetland,0.21854460941943263,Chesapeake Bay,-0.657,3525.352,329.672,NA,NA,5.55,1.644,1445.909,NA,42.964,144.689,79.132,0.038407975,0.684352264,1.611789981,0.902874329,3.840797545,13.31,6.7,354,76,6.74,0.797,51.437564078415946,0.48404429371361424,170,14,5.93,4850,0.54,5.49,39.0884,-75.4374,None,Tidal Stream,Yes
K030,wet,17241.648426812586,0.5025697674418604,0.53806292749658,15680.41313269494,0,0,Wetland,0.21854460941943263,Chesapeake Bay,-0.657,3525.352,329.672,NA,NA,5.55,1.644,1445.909,NA,42.964,144.689,79.132,0.038407975,0.684352264,1.611789981,0.902874329,3.840797545,13.31,6.7,354,76,6.74,0.797,51.437564078415946,0.48404429371361424,170,14,5.93,4850,0.54,5.49,39.0884,-75.4374,None,Tidal Stream,Yes
K059,dry,10020.60606060606,3.4279545454545453,0.28318181818181815,10020.60606060606,3.4279545454545453,0.28318181818181815,Sediment,6.295386099851279,Chesapeake Bay,NA,8812.139,887.828,-1.231,NA,3.947,-1.044,3568.905,NA,114.556,462.816,88.221,0.030423905,0.716336338,1.523065856,0.88594834,3.042390524,12.52,7.14,327,85,6.14,0.425,55.20003412532253,NA,302,29,NA,NA,NA,NA,38.4292,-76.2374,NA,Tidal Stream,No
K059,wet,8366.666666666668,0.7297619047619048,0.8952380952380953,6805.431372549021,0,0,Sediment,6.295386099851279,Chesapeake Bay,NA,8812.139,887.828,-1.231,NA,3.947,-1.044,3568.905,NA,114.556,462.816,88.221,0.030423905,0.716336338,1.523065856,0.88594834,3.042390524,12.52,7.14,327,85,6.14,0.425,55.20003412532253,NA,302,29,NA,NA,NA,NA,38.4292,-76.2374,NA,Tidal Stream,No
K059,wet,37551.27272727273,0.804340909090909,0.46868181818181814,35990.03743315508,0.04827032085561489,0,Transition,20.706267879285285,Chesapeake Bay,NA,8812.139,887.828,-1.231,NA,3.947,-1.044,3568.905,NA,114.556,462.816,88.221,0.030423905,0.716336338,1.523065856,0.88594834,3.042390524,12.52,7.14,327,85,6.14,0.425,55.20003412532253,0.1567247149085325,572,77,NA,NA,0.95,14.07,38.4292,-76.2374,NA,Tidal Stream,No
K059,dry,7478.4,2.6472,0.25439999999999996,7478.4,2.6472,0.25439999999999996,Upland,1.5456286699434068,Chesapeake Bay,NA,8812.139,887.828,-1.231,NA,3.947,-1.044,3568.905,NA,114.556,462.816,88.221,0.030423905,0.716336338,1.523065856,0.88594834,3.042390524,12.52,7.14,327,85,6.14,0.425,55.20003412532253,0.15437870917245358,183,88,NA,NA,1.07,31.36,38.4292,-76.2374,NA,Tidal Stream,No
K059,wet,35359.2,0.44136,0.33768,33797.96470588235,0,0,Upland,1.5456286699434068,Chesapeake Bay,NA,8812.139,887.828,-1.231,NA,3.947,-1.044,3568.905,NA,114.556,462.816,88.221,0.030423905,0.716336338,1.523065856,0.88594834,3.042390524,12.52,7.14,327,85,6.14,0.425,55.20003412532253,0.15437870917245358,183,88,NA,NA,1.07,31.36,38.4292,-76.2374,NA,Tidal Stream,No
K059,dry,46256.30303030303,1.6306212121212122,8.454545454545454e-4,46256.30303030303,1.6306212121212122,8.454545454545454e-4,Wetland,12.928261509658276,Chesapeake Bay,NA,8812.139,887.828,-1.231,NA,3.947,-1.044,3568.905,NA,114.556,462.816,88.221,0.030423905,0.716336338,1.523065856,0.88594834,3.042390524,12.52,7.14,327,85,6.14,0.425,55.20003412532253,0.09578190172575685,786,64,NA,NA,1.53,16.43,38.4292,-76.2374,NA,Tidal Stream,No
K059,wet,17022,0.4767,0.3393,15460.764705882351,0,0,Wetland,12.928261509658276,Chesapeake Bay,NA,8812.139,887.828,-1.231,NA,3.947,-1.044,3568.905,NA,114.556,462.816,88.221,0.030423905,0.716336338,1.523065856,0.88594834,3.042390524,12.52,7.14,327,85,6.14,0.425,55.20003412532253,0.09578190172575685,786,64,NA,NA,1.53,16.43,38.4292,-76.2374,NA,Tidal Stream,No
K041,dry,2005.7142857142856,1.878857142857143,0.3291428571428571,2005.7142857142856,1.878857142857143,0.3291428571428571,Sediment,0.3911827081122641,Chesapeake Bay,NA,25417.512,2603.322,0.439,NA,28.361,11.619,NA,NA,326.005,1289.902,251.183,0.030498939,0.701135852,1.546345086,0.882826758,3.049893884,33.34,7.29,265,124,6.5,0.477,54.29858019215856,NA,26,1,NA,NA,NA,NA,NA,NA,NA,NA,NA
K041,wet,4214.25,1.512,0.25900500000000004,2653.014705882353,0.7559294117647058,0,Sediment,0.3911827081122641,Chesapeake Bay,NA,25417.512,2603.322,0.439,NA,28.361,11.619,NA,NA,326.005,1289.902,251.183,0.030498939,0.701135852,1.546345086,0.882826758,3.049893884,33.34,7.29,265,124,6.5,0.477,54.29858019215856,NA,26,1,NA,NA,NA,NA,NA,NA,NA,NA,NA
K041,dry,21412.17391304348,2.1495652173913045,0.48,21412.17391304348,2.1495652173913045,0.48,Transition,1.995560370953684,Chesapeake Bay,NA,25417.512,2603.322,0.439,NA,28.361,11.619,NA,NA,326.005,1289.902,251.183,0.030498939,0.701135852,1.546345086,0.882826758,3.049893884,33.34,7.29,265,124,6.5,0.477,54.29858019215856,0.10212093991730568,782,76,NA,NA,1.43,22.73,NA,NA,NA,NA,NA
K041,wet,22201.977272727272,0.39951818181818183,0.117855,20640.741978609625,0,0,Transition,1.995560370953684,Chesapeake Bay,NA,25417.512,2603.322,0.439,NA,28.361,11.619,NA,NA,326.005,1289.902,251.183,0.030498939,0.701135852,1.546345086,0.882826758,3.049893884,33.34,7.29,265,124,6.5,0.477,54.29858019215856,0.10212093991730568,782,76,NA,NA,1.43,22.73,NA,NA,NA,NA,NA
K041,dry,5375,2.365,0.26,5375,2.365,0.26,Wetland,0.26092260815515533,Chesapeake Bay,NA,25417.512,2603.322,0.439,NA,28.361,11.619,NA,NA,326.005,1289.902,251.183,0.030498939,0.701135852,1.546345086,0.882826758,3.049893884,33.34,7.29,265,124,6.5,0.477,54.29858019215856,1.4813008130081302,23,2,6.02,2540,0.11,1.58,NA,NA,NA,NA,NA
K041,wet,7140.410141206675,0.737293324775353,0.25756521181001285,5579.174847089028,0,0,Wetland,0.26092260815515533,Chesapeake Bay,NA,25417.512,2603.322,0.439,NA,28.361,11.619,NA,NA,326.005,1289.902,251.183,0.030498939,0.701135852,1.546345086,0.882826758,3.049893884,33.34,7.29,265,124,6.5,0.477,54.29858019215856,1.4813008130081302,23,2,6.02,2540,0.11,1.58,NA,NA,NA,NA,NA
K054,wet,14117,0.8252539682539682,0.6939206349206349,12555.764705882351,0.06918338001867408,0,Sediment,0.3151751392861516,Chesapeake Bay,NA,6949.982,482.581,-0.294,NA,2.881,-0.787,2770.694,NA,83.239,308.475,159.711,0.04224991,0.616974065,1.557739524,0.923344115,4.224991028,10.3,7,150,192,10.01,1.576,616.4727893586902,NA,388,30,NA,NA,NA,NA,38.9677,-75.3703,Macrophytes,Tidal Stream,Yes
K054,wet,16289.893530997304,1.0042371967654986,1.860745283018868,14728.658236879655,0.24816660853020445,0.7979126947835737,Transition,2.620691909422585,Chesapeake Bay,NA,6949.982,482.581,-0.294,NA,2.881,-0.787,2770.694,NA,83.239,308.475,159.711,0.04224991,0.616974065,1.557739524,0.923344115,4.224991028,10.3,7,150,192,10.01,1.576,616.4727893586902,0.10288184438040346,247,87,NA,NA,1.2,24.58,38.9677,-75.3703,Macrophytes,Tidal Stream,Yes
K054,wet,36918,0.8437500000000001,0.3168,35356.76470588235,0.08767941176470595,0,Upland,0.385608889017918,Chesapeake Bay,NA,6949.982,482.581,-0.294,NA,2.881,-0.787,2770.694,NA,83.239,308.475,159.711,0.04224991,0.616974065,1.557739524,0.923344115,4.224991028,10.3,7,150,192,10.01,1.576,616.4727893586902,0.5898000347302489,16,11,3.95,56.9,0.57,10.24,38.9677,-75.3703,Macrophytes,Tidal Stream,Yes
K054,wet,29148,1.2084214285714283,1.344042857142857,27586.764705882353,0.4523508403361344,0.28121026890756307,Wetland,1.249987709556471,Chesapeake Bay,NA,6949.982,482.581,-0.294,NA,2.881,-0.787,2770.694,NA,83.239,308.475,159.711,0.04224991,0.616974065,1.557739524,0.923344115,4.224991028,10.3,7,150,192,10.01,1.576,616.4727893586902,0.20635269831304945,389,45,NA,NA,0.92,12.76,38.9677,-75.3703,Macrophytes,Tidal Stream,Yes
K054,dry,9201.227272727272,5.738409090909091,1.0908030303030305,9201.227272727272,5.738409090909091,1.0908030303030305,Sediment,0.3151751392861516,Chesapeake Bay,NA,6949.982,482.581,-0.294,NA,2.881,-0.787,2770.694,NA,83.239,308.475,159.711,0.04224991,0.616974065,1.557739524,0.923344115,4.224991028,10.3,7,150,192,10.01,1.576,616.4727893586902,NA,388,30,NA,NA,NA,NA,38.9677,-75.3703,Macrophytes,Tidal Stream,Yes
K054,dry,45977.142857142855,2.12,0.08771428571428572,45977.142857142855,2.12,0.08771428571428572,Transition,2.620691909422585,Chesapeake Bay,NA,6949.982,482.581,-0.294,NA,2.881,-0.787,2770.694,NA,83.239,308.475,159.711,0.04224991,0.616974065,1.557739524,0.923344115,4.224991028,10.3,7,150,192,10.01,1.576,616.4727893586902,0.10288184438040346,247,87,NA,NA,1.2,24.58,38.9677,-75.3703,Macrophytes,Tidal Stream,Yes
K054,dry,25430.502976190473,1.4606547619047618,0.22996607142857145,25430.502976190473,1.4606547619047618,0.22996607142857145,Upland,0.385608889017918,Chesapeake Bay,NA,6949.982,482.581,-0.294,NA,2.881,-0.787,2770.694,NA,83.239,308.475,159.711,0.04224991,0.616974065,1.557739524,0.923344115,4.224991028,10.3,7,150,192,10.01,1.576,616.4727893586902,0.5898000347302489,16,11,3.95,56.9,0.57,10.24,38.9677,-75.3703,Macrophytes,Tidal Stream,Yes
K054,dry,17681.010351966874,1.638066252587992,1.0309482401656316,17681.010351966874,1.638066252587992,1.0309482401656316,Wetland,1.249987709556471,Chesapeake Bay,NA,6949.982,482.581,-0.294,NA,2.881,-0.787,2770.694,NA,83.239,308.475,159.711,0.04224991,0.616974065,1.557739524,0.923344115,4.224991028,10.3,7,150,192,10.01,1.576,616.4727893586902,0.20635269831304945,389,45,NA,NA,0.92,12.76,38.9677,-75.3703,Macrophytes,Tidal Stream,Yes
K044,dry,11031.569696969696,4.183484848484849,4.128e-4,11031.569696969696,4.183484848484849,4.128e-4,Sediment,61.49490675721319,Chesapeake Bay,NA,1765.239,159.786,-1.401,NA,0.208,-2.413,701.734,NA,20.06,79.409,51.023,0.026832933,0.709348517,1.571523774,0.887181388,2.683293298,5.11,6.88,335,70,6.85,0.464,263.3426473665307,NA,226,13,NA,NA,NA,NA,38.8837,-76.5583,None,Tidal Stream,No
K044,wet,11278.5,0.6885,0.298995,9717.264705882351,0,0,Sediment,61.49490675721319,Chesapeake Bay,NA,1765.239,159.786,-1.401,NA,0.208,-2.413,701.734,NA,20.06,79.409,51.023,0.026832933,0.709348517,1.571523774,0.887181388,2.683293298,5.11,6.88,335,70,6.85,0.464,263.3426473665307,NA,226,13,NA,NA,NA,NA,38.8837,-76.5583,None,Tidal Stream,No
K044,dry,12987.308488612836,1.4016252587991718,1.712725672877847,12987.308488612836,1.4016252587991718,1.712725672877847,Transition,0.8095188280610779,Chesapeake Bay,NA,1765.239,159.786,-1.401,NA,0.208,-2.413,701.734,NA,20.06,79.409,51.023,0.026832933,0.709348517,1.571523774,0.887181388,2.683293298,5.11,6.88,335,70,6.85,0.464,263.3426473665307,0.1576407229015425,527,67,NA,NA,1.16,14.85,38.8837,-76.5583,None,Tidal Stream,No
K044,wet,7608,0.32385,11.2545,6046.764705882353,0,10.191667411764708,Transition,0.8095188280610779,Chesapeake Bay,NA,1765.239,159.786,-1.401,NA,0.208,-2.413,701.734,NA,20.06,79.409,51.023,0.026832933,0.709348517,1.571523774,0.887181388,2.683293298,5.11,6.88,335,70,6.85,0.464,263.3426473665307,0.1576407229015425,527,67,NA,NA,1.16,14.85,38.8837,-76.5583,None,Tidal Stream,No
K044,dry,24943.379710144927,0.8890188405797101,0.2534826086956522,24943.379710144927,0.8890188405797101,0.2534826086956522,Upland,5.79844315738299,Chesapeake Bay,NA,1765.239,159.786,-1.401,NA,0.208,-2.413,701.734,NA,20.06,79.409,51.023,0.026832933,0.709348517,1.571523774,0.887181388,2.683293298,5.11,6.88,335,70,6.85,0.464,263.3426473665307,0.5468707261761392,32,18,NA,NA,1.19,23.73,38.8837,-76.5583,None,Tidal Stream,No
K044,wet,17778.914085914086,0.551737942057942,0.3102422063650635,16217.67879179644,0,0,Upland,5.79844315738299,Chesapeake Bay,NA,1765.239,159.786,-1.401,NA,0.208,-2.413,701.734,NA,20.06,79.409,51.023,0.026832933,0.709348517,1.571523774,0.887181388,2.683293298,5.11,6.88,335,70,6.85,0.464,263.3426473665307,0.5468707261761392,32,18,NA,NA,1.19,23.73,38.8837,-76.5583,None,Tidal Stream,No
K044,dry,5794.953846153846,1.0939076923076922,0.0250272923076923,5794.953846153846,1.0939076923076922,0.0250272923076923,Wetland,30.803486608556533,Chesapeake Bay,NA,1765.239,159.786,-1.401,NA,0.208,-2.413,701.734,NA,20.06,79.409,51.023,0.026832933,0.709348517,1.571523774,0.887181388,2.683293298,5.11,6.88,335,70,6.85,0.464,263.3426473665307,0.33046594982078853,179,17,6.36,2730,0.5,4.77,38.8837,-76.5583,None,Tidal Stream,No
K044,wet,9577.5,1.45755,1.1769,8016.264705882353,0.7014794117647057,0.11406741176470604,Wetland,30.803486608556533,Chesapeake Bay,NA,1765.239,159.786,-1.401,NA,0.208,-2.413,701.734,NA,20.06,79.409,51.023,0.026832933,0.709348517,1.571523774,0.887181388,2.683293298,5.11,6.88,335,70,6.85,0.464,263.3426473665307,0.33046594982078853,179,17,6.36,2730,0.5,4.77,38.8837,-76.5583,None,Tidal Stream,No
K062,dry,10403.478260869564,1.4312814645308924,9.218924485125855,10403.478260869564,1.4312814645308924,9.218924485125855,Sediment,62.03944853823521,Chesapeake Bay,NA,5538.313,525.472,0.296,NA,2.506,1.603,NA,NA,73.14,252.684,125.448,0.031509464,0.716644498,1.631749879,0.887821283,3.150946437,7.54,7.22,244,132,6.08,0.929,52.732992510953416,NA,452,15,NA,NA,NA,NA,38.8753,-76.5513,None,Estuary,No
K062,wet,7149,0.6885,1.6761,5587.764705882353,0,0.6132674117647059,Sediment,62.03944853823521,Chesapeake Bay,NA,5538.313,525.472,0.296,NA,2.506,1.603,NA,NA,73.14,252.684,125.448,0.031509464,0.716644498,1.631749879,0.887821283,3.150946437,7.54,7.22,244,132,6.08,0.929,52.732992510953416,NA,452,15,NA,NA,NA,NA,38.8753,-76.5513,None,Estuary,No
K062,dry,14273.122529644268,1.7051739130434784,1.28899209486166,14273.122529644268,1.7051739130434784,1.28899209486166,Transition,0.28499065624941594,Chesapeake Bay,NA,5538.313,525.472,0.296,NA,2.506,1.603,NA,NA,73.14,252.684,125.448,0.031509464,0.716644498,1.631749879,0.887821283,3.150946437,7.54,7.22,244,132,6.08,0.929,52.732992510953416,0.377257525083612,199,31,3.99,955,0.43,6.84,38.8753,-76.5513,None,Estuary,No
K062,wet,33240,0.2889,22.086,31678.764705882353,0,21.023167411764703,Transition,0.28499065624941594,Chesapeake Bay,NA,5538.313,525.472,0.296,NA,2.506,1.603,NA,NA,73.14,252.684,125.448,0.031509464,0.716644498,1.631749879,0.887821283,3.150946437,7.54,7.22,244,132,6.08,0.929,52.732992510953416,0.377257525083612,199,31,3.99,955,0.43,6.84,38.8753,-76.5513,None,Estuary,No
K062,dry,10045.8,0.18114545454545453,0.4351909090909091,10045.8,0.18114545454545453,0.4351909090909091,Upland,0.19476681022618217,Chesapeake Bay,NA,5538.313,525.472,0.296,NA,2.506,1.603,NA,NA,73.14,252.684,125.448,0.031509464,0.716644498,1.631749879,0.887821283,3.150946437,7.54,7.22,244,132,6.08,0.929,52.732992510953416,0.7722222222222223,44,14,4.81,53.4,0.5,10.06,38.8753,-76.5513,None,Estuary,No
K062,wet,40643.21614227086,0.4493248974008208,2.527766757865937,39081.98084815321,0,1.4649341696306428,Upland,0.19476681022618217,Chesapeake Bay,NA,5538.313,525.472,0.296,NA,2.506,1.603,NA,NA,73.14,252.684,125.448,0.031509464,0.716644498,1.631749879,0.887821283,3.150946437,7.54,7.22,244,132,6.08,0.929,52.732992510953416,0.7722222222222223,44,14,4.81,53.4,0.5,10.06,38.8753,-76.5513,None,Estuary,No
K062,dry,67423.74545454545,11.111672727272726,3.7636363636363632,67423.74545454545,11.111672727272726,3.7636363636363632,Wetland,104.38743990696229,Chesapeake Bay,NA,5538.313,525.472,0.296,NA,2.506,1.603,NA,NA,73.14,252.684,125.448,0.031509464,0.716644498,1.631749879,0.887821283,3.150946437,7.54,7.22,244,132,6.08,0.929,52.732992510953416,0.24366197183098595,326,23,5.83,5280,0.76,6.83,38.8753,-76.5513,None,Estuary,No
K062,wet,11708.666666666666,6.78434126984127,7.291992063492064,10147.43137254902,6.028270681605975,6.22915947525677,Wetland,104.38743990696229,Chesapeake Bay,NA,5538.313,525.472,0.296,NA,2.506,1.603,NA,NA,73.14,252.684,125.448,0.031509464,0.716644498,1.631749879,0.887821283,3.150946437,7.54,7.22,244,132,6.08,0.929,52.732992510953416,0.24366197183098595,326,23,5.83,5280,0.76,6.83,38.8753,-76.5513,None,Estuary,No
K052,dry,7869.130434782609,1.9566260869565215,1.0872521739130434,7869.130434782609,1.9566260869565215,1.0872521739130434,Sediment,62.20744704491515,Chesapeake Bay,-1.028,9984.044,1089.259,0.866,NA,8.332,4.531,4149.942,NA,136.996,457.803,203.345,0.031628611,0.707968309,1.53839579,0.885048211,3.162861052,15.06,6.92,263,92,7.03,0.54,24.729815285490982,NA,275,22,NA,NA,NA,NA,38.1595,-75.7905,NA,NA,NA
K052,wet,13770,0.25875,2.60775,12208.764705882351,0,1.5449174117647062,Sediment,62.20744704491515,Chesapeake Bay,-1.028,9984.044,1089.259,0.866,NA,8.332,4.531,4149.942,NA,136.996,457.803,203.345,0.031628611,0.707968309,1.53839579,0.885048211,3.162861052,15.06,6.92,263,92,7.03,0.54,24.729815285490982,NA,275,22,NA,NA,NA,NA,38.1595,-75.7905,NA,NA,NA
K052,dry,1215.142857142857,1.268571428571429,0.4971428571428571,1215.142857142857,1.268571428571429,0.4971428571428571,Transition,0.4239208378480099,Chesapeake Bay,-1.028,9984.044,1089.259,0.866,NA,8.332,4.531,4149.942,NA,136.996,457.803,203.345,0.031628611,0.707968309,1.53839579,0.885048211,3.162861052,15.06,6.92,263,92,7.03,0.54,24.729815285490982,1.6501374594732965,18,3,5.68,102,0.23,3.06,38.1595,-75.7905,NA,NA,NA
K052,wet,20947.5,0.234,0.83925,19386.264705882353,0,0,Transition,0.4239208378480099,Chesapeake Bay,-1.028,9984.044,1089.259,0.866,NA,8.332,4.531,4149.942,NA,136.996,457.803,203.345,0.031628611,0.707968309,1.53839579,0.885048211,3.162861052,15.06,6.92,263,92,7.03,0.54,24.729815285490982,1.6501374594732965,18,3,5.68,102,0.23,3.06,38.1595,-75.7905,NA,NA,NA
K052,dry,1309.6153846153843,0.9992307692307691,0.21807692307692303,1309.6153846153843,0.9992307692307691,0.21807692307692303,Upland,0.22147303294528572,Chesapeake Bay,-1.028,9984.044,1089.259,0.866,NA,8.332,4.531,4149.942,NA,136.996,457.803,203.345,0.031628611,0.707968309,1.53839579,0.885048211,3.162861052,15.06,6.92,263,92,7.03,0.54,24.729815285490982,1.449051724137931,16,4,4.93,141,0.22,3.87,38.1595,-75.7905,NA,NA,NA
K052,wet,26859.666666666668,0.18789166666666668,42.47,25298.43137254902,0,41.4071674117647,Upland,0.22147303294528572,Chesapeake Bay,-1.028,9984.044,1089.259,0.866,NA,8.332,4.531,4149.942,NA,136.996,457.803,203.345,0.031628611,0.707968309,1.53839579,0.885048211,3.162861052,15.06,6.92,263,92,7.03,0.54,24.729815285490982,1.449051724137931,16,4,4.93,141,0.22,3.87,38.1595,-75.7905,NA,NA,NA
K030,NA,NA,NA,NA,NA,NA,NA,Transition,0.01122571640446837,Chesapeake Bay,-0.657,3525.352,329.672,NA,NA,5.55,1.644,1445.909,NA,42.964,144.689,79.132,0.038407975,0.684352264,1.611789981,0.902874329,3.840797545,13.31,6.7,354,76,6.74,0.797,51.437564078415946,NA,NA,NA,NA,NA,NA,NA,NA,NA,NA,NA,NA
K037,NA,NA,NA,NA,NA,NA,NA,Transition,0.2861500308201007,Chesapeake Bay,NA,327.625,24.73,-0.392,NA,0.6,0.096,102.983,NA,5.498,12.107,11.462,0.029727831,0.690721955,1.557987933,0.891329514,2.972783104,0.41,6.67,348,28,5.63,0.298,9.032380540394469,NA,NA,NA,NA,NA,NA,NA,NA,NA,NA,NA,NA
K037,NA,NA,NA,NA,NA,NA,NA,Upland,0.5276654502416408,Chesapeake Bay,NA,327.625,24.73,-0.392,NA,0.6,0.096,102.983,NA,5.498,12.107,11.462,0.029727831,0.690721955,1.557987933,0.891329514,2.972783104,0.41,6.67,348,28,5.63,0.298,9.032380540394469,NA,NA,NA,NA,NA,NA,NA,NA,NA,NA,NA,NA
K041,NA,NA,NA,NA,NA,NA,NA,Upland,0.6474417691293111,Chesapeake Bay,NA,25417.512,2603.322,0.439,NA,28.361,11.619,NA,NA,326.005,1289.902,251.183,0.030498939,0.701135852,1.546345086,0.882826758,3.049893884,33.34,7.29,265,124,6.5,0.477,54.29858019215856,0.10576737564467369,100,94,NA,NA,1.12,45.27,NA,NA,NA,NA,NA
